英文,中文
daemon,妖魔/鬼怪，朋友，协议的伺服机 (计算机)
encapsulation  ,用膜包裹/封装，包含在另一个数据结构
interface,界面，同做两体边界的媒介
token,标记/标志/纪念品/象征，代价券/筹码，象征性的/充场面的
mask,遮蔽物/使模糊，伪装，掩饰，化装
make,"性情; 构造,  做; 建造; 作出; 开始; 增大; 前进"
daily,每日地/日常地，日报
stage,阶段/演出/展现/举行，筹划
instance,情况/例子，实例，要求，建议
comment,评论，注释，意见，说明，解释
alter,改变/变更，改建(房屋)，变老
distinct,明显，清楚的，卓越的/有区别的
forbidden,不允许的，被禁止的，禁用的
spare,节省/俭省，宽恕，剩下的(钱)，空闲的(时间)
general,普遍的/常规，一般原则，综合的/全体的
affinity,密切关系，亲缘性/姻亲，吸引力(男女间)
notify,通知，布告
handler,处理者/管理者，处理机(信息)，拳击教练
branch,分支/部门，科/支流/形成，扩大(兴趣/业务/范围)
entry,进入/入场，门口/登记，记录，参赛的人
content,内容/容量，满足/满意/愿意的，目录
schema,概要，计划，图表
destroy ,杀死，破坏/摧毁/消灭，歼灭(敌人)，使失败
scheduler,调度程序，日程安排程序
notification,通知/通知单，布告，公布
vender,卖主，售卖者
position,位置，方位，地位，职位，态度，状态
location,定位，位置，场所，外景(拍摄地)
repository,容器，宝库，贮藏处/博物馆
origin,起源，起因，由来，出身
merge,使 (合并/同化/融合)
stash,藏起，隐藏起来
concurrency,协力/协助/相助/共同努力，同意，一致
purge,清除，净化/泻药，删多余文件 (计算机)
fourteenth,第14，1/14
season,季节
dentist,牙科医生
worth,相当于___价值的，值得___的，价值，财产（值得做某事：be worth doing sth）
blood,血液，血统，家族
scared,惊恐的，恐惧的
area,面积，区域，地方，领域，范围
autumn,秋天
winter,冬天
lend,把…借给，贷
tourist,旅游者，观光者
uncomfortable,不舒服的，不舒适的，感到不安
scientist,科学家
mile,英里
example,例子，实例，榜样，楷模
aim,目标，瞄准，对准，目的是，力争做到
see,看，观看，参见，会晤，理解，想象
chew,咀嚼，（因为紧张等）咬住，不停的啃
reply,回答，答复，以…作答
achieve,实现，完成，达到，获得
die,死亡，消失，消逝，熄灭，停止运行，渴望
fresh,新的，新到的，新鲜的
top,顶部，上部，首位，最高位，居于__之上，超过
nothing,没东西，没事情，无关紧要的人/事/物
depend,依赖，依靠，信赖，相信，取决于…，视…而定
silent,寂静/沉默/无声的，不出声的
honor,尊敬，敬意，荣誉，光荣
rude,粗鲁/无礼的，粗糙/粗陋的，猛烈的
thief,贼，小偷
boss,老板，上司，领导
junk,废旧物品，破烂/丢弃/废弃
weight,重量，体重，砝码，秤砣，负担，重要性，重大
think,认为，以为，想，思索，想要，打算，思考
activity,行动，活动，活跃，活力
captain,船长，机长，上尉，队长，领队
brave,勇敢的，无畏的
still,依然/还/仍旧，然而/尽管如此，静止的，寂静的/平静
hang,悬挂，吊，徘徊，绞死
happen,发生，碰巧，恰好
sixteen,十六，十六个
newspaper,报纸
heaven,天堂，天国，上帝，神
empty,空的，空闲的，空虚的，倒出
neither,两者都不，也不
sky,天(空)
toward(s),向，朝，面对，接近
third,第3，1/3
thirteenth,第13，1/13
volleyball,排球
pupil,学生（小)，瞳孔
fantastic,极好/级出色的，不实际的，奇异/古怪的
dare,敢，敢做，竟敢
treat,对待/招待/处理，治疗/医疗
us,我们
should,应该，将要，应当，万一，竟然，可能
engineer,工程师，机械师
connect,链接，衔接，联合，关联
hobby,业余爱好，嗜好/兴趣
wear,穿着/戴着，面露，留着，衣物，磨损，穿旧，耐用性
memory,记忆/记忆力，回忆/往事，存储器/内存
dish,盘子/餐具，盛...于盘中，挫败，毁掉
include,包括，包含，计入，包住
race,赛跑，民族/人种，竞争，参赛，剧烈跳动
tonight,今晚，今夜
map,地图/天体图，〈俚〉脸/面孔，绘制图，勘查，规划，比对
refuse,拒绝，回绝，推却，废弃物
step,步/脚步/步骤，手段/步调/级别 ，走/踏/踩
difference,差别，差异;[数]差数，差额;意见分歧;特色 辨别，区分
seventeenth,第17; 1/17 
strategy,策略，战略，战略学
uncle,叔叔，伯父，舅父，姑父，姨父
complain,抱怨/诉苦，申诉，控诉/抗议/控告
green,绿色的，未熟的/青春的，主张保护环境的，绿色蔬菜，植物
bike,自行车，电动车，摩托车
effort,工作/努力，尝试，成就/杰作
grammar,语法，基本原理
pancake,烙饼/薄煎饼/粉饼，平坠/平坠著陆，使平展
essay,散文;随笔，杂记文，尝试/企图/试验
abroad,到国外/在海外，广为流传地，异国
cough,咳嗽，（引擎等）声音，咳出
like,喜欢，想要，喜欢做，如同，好像，像…一样
join,加入/参加，连接/联结/结合，接合点
without,户外/缺少/没有，缺乏/在外面，除非/如果不
nervous,神经质的，紧张不安的，焦虑的
soon,快，立刻/不久/马上，宁愿
only,仅有的，最好的/最适当的，仅仅，不料
poster,招贴画，海报，招贴，公告，张贴者
restaurant,餐馆，饭店，饭馆，菜馆
finish,完成，结束，使筋疲力尽，结尾，最后阶段，抛光
deep,深的，深远的，深奥/重大的，深刻/强烈的/深厚的，深渊
elder,长者，长辈/元老，比…年长的人，资格老的/老练的
photo,照片，相片，(给…)拍照
ached,疼
march,三月
see to,处理，照料
see sb . Off,给某人送行
trust,相信，信赖
accident,事故，意外事件，机遇，附属品
bottle,瓶子
stomach,胃/胃口;，肚子/腹部;，欲望/志趣，消化/忍受
program,程序/规划/计划，拟...计划，节目
weekday,工作日，普通日
bush,灌木丛，粗鲁的，粗糙但实用的
wind,风/气流，蜿蜒/缠绕，管乐器，使喘不过气来
fox,狐狸，狡猾的人，狐皮
grape,葡萄，深紫色
new,新的，新鲜的，新到的，现代的
divide,分，划分/分配，分离，使产生分歧
company,公司/作伴/伴侣，客人/连队，(社交)集会/聚会
listen,倾听，留心听，听信
want,想要，希望，打算，需要…在场
iron,熨烫/熨衣，顽强/残酷的
can,可以，能，能够，可能
kilometer,<美>千米，公里
extra,额外的，补充的，附加的，特别的
cigarette,香烟
fruit,水果，果实，成果
environment,环境，外界，周围，围绕，(运行)环境
thirtieth,第30，1/30
lesson,功课，训诫，课程，训斥，教课，向…授课
attention,注意，注意力，照料，关怀
anymore,现在，不再，目前，今后
strong,强烈的，坚强的，强壮的
darkness,黑暗，阴郁，模糊，无知
shake,"摇动,，使震动,，动摇，发抖，握手"
shade,荫凉处/阴暗，遮蔽，使渐变/逐渐变化
lap,膝，下摆，一圈跑道/范围
next,紧接在后的，贴近的，次于的，紧邻的
early,早期的，早日的，早熟的，提早，在初期，先前
shine,发出光，反射光，闪耀，出类拔萃/表现突出，好天气，诡计
value,价值，价格，意义/涵义，重要性
review,查看，检查/审查，复习
eastern,东方的，东部的，朝东的
outside,在外面，向外面，露天，外部的
december,12月
board,板，甲板，董事会，寄宿
tutor,导师，家教，任大学导师，任课
tutorial,导师的，私人教师的，辅导的，使用说明
design,设计，计划，企图，决意做
sign,符号/标记，前兆/指示牌，签名
climb,爬/攀登，上升，登山
wall,墙，隔阂/壁垒，筑墙围住
worse,更坏/恶化的，严重的，更厉害的
finger,手指，指状物，指针，用手指触摸
everywhere,到处，处处，无论什么地方
daughter,女儿，产物，后代
impossible,不可能的，难忍受的，不会的，不能相信的
topic,主题/标题，话题/论题
negative,消极的，否认的，负数的，反抗性/拒绝性的
meat,肉，食物，实质/重要的/基本的
size,规模，大小，尺寸
bicycle,自行车，脚踏车
university,综合大学，大学人员，大学校舍
comment,评论，注释，意见，说明
furry,毛皮的，毛皮制的，（俚语俗称可怕的）
heel,脚后跟，鞋袜等的后跟，踵状物
lung,肺，呼吸器官
this,这/这个/这事，这人/这时，下面所说的事
child,小孩，孩子，幼稚的人，产物，弟子
view,看法，风景，视域，视图，视察
parent,爸或妈，先辈，根源，保护者
sugar,食糖，宝贝儿，亲爱的
around,大约，到处/四处/在周围，旋转
fact,事实/实情/真相，证据/犯罪行为
course,课程，一道菜，航线/方向/过程/追猎
slide,滑落/下跌/降低，打滑，幻灯片
repeat,重复，复述/背诵
tooth,齿;牙，齿状部份
move,移动，搬动 改变;迁移
Monday,星期一
Tuesday,星期二
Wednesday,星期三
Thursday,星期四
Friday,星期五
Saturday,星期六
Sunday,星期日
pronoun,代词
beside,在…旁边，在…一侧/附近，与…无关（表排斥），除…之外;（表位置）
suggest,建议/提议，暗示/使想起/启示
its,(it的所有格)它的
recent,最近的，新近的，近代的
infinitive,（动词）不定式
sit,坐落，处在（在…中），任职（议会、委员会、法庭等），开会
push,推，推动/推进，增加，努力争取
again,再次，再说，此外，不过
bright,明亮/鲜亮的，辉煌的，聪明活泼的，机灵乖巧的
right,立刻/马上，右/向右，恰当地，一直，权利，正确/正当
pink,粉红色的，略带左翼政治观点的，与同性恋有关的
late,已故的，晚的，迟到的/之前的，时间不早的，原来的，临近终了的
clock,钟，时钟，计时器，秒表，仪表
sixty,六十
most,最，最多（大），非常，很，几乎，最大限度，大多数人
horse,马，骑兵
november,11月
cancer,癌症/恶性肿瘤，弊病，社会恶习
tunnel,隧道，地道，烟道，动物栖息的穴
meter,米/公尺，韵律/格律，计量，仪表/计量器
relax,使轻松，使松弛，使放松，缓和/减轻
tired,"adj. ?疲累的, 厌倦的, 疲乏的"
tiredness,n. ?疲劳; 疲倦
radio,无线电，收音机，无电广播台，无线电收发机
candle,蜡烛，烛光，烛状物
correct,"adj. ?正确的, 品行端正的  v.  改正/矫正;/校准"
fit,安装，合身/合适的，恰当的/合身的，健壮的
fix,固定，修理，准备，使牢固
mix,混合，相容，平安相处，混录/乐曲组合
catch,抓，捕获量，挂钩，赶上/接住，引起，看见
worm,"虫 / 蚯蚓 /蠕虫,，无脚无脊椎动物，奴性的人，使蠕行,除虫"
worldwide,adj. ?全世界的
wormhole,n. ?虫孔; 蛀洞
worldly ?,"adj. ?世间的, 世上的, 世俗的"
gate,门，闸门，登机门，入场费
gateway,入口，门，途径
climb,爬，攀登，上升，登山，山，岩，增值，晋升
personal,个人的/私人的，身体的，亲自的，个人简讯
sandwich,三明治，状似三明治的东西
couple,对/双，配偶，夫妻，两三个
webside,网站
column,专栏，圆柱，纵队，列（可理解为竖着的一列column）
consider,考虑，把某人/某事看作…，认为某/事，如何，考虑/细想
stomachache,胃痛，腹痛
mom,<美>妈妈
standard,标准/规格，旗/军旗，度量标准/直立支柱，合格的，普遍
wise,聪明/有智慧的/博学/博识的，明白的/知道
spread,伸展开，使传播，使散布，涂，把…覆盖在…上，把…敲平，散发气/烟等
instance,情况;例子，实例;要求，建议
ache,疼痛;渴望
queen,女王/王后/杰出女性， （国际象棋中的）王后
skirt,裙子，边缘，位于…的边缘，沿…的边缘走，绕开/避开
fear,害怕，可能性，对神等的敬畏，害怕/畏惧，为…忧虑
girlfriend,女朋友，女性朋友
hunger,饿，饥饿;欲望
march,（坚定地向某地）前进;行军，进军/进展/进行/使前进，3月
warn,警告，告诫，通知/预告
hurry,匆忙，急忙 仓促做某事，催促，朝某方向迅速移动或处理
business,生意/交易，商业，事务，业务，职业/行业
soldier,士兵;战士;军人 坚持;硬挺着
clerk,店员/职员/办事员，书记员，教士
way,方法，道路，方向，方面
conference,会议，讨论，讨论会，举行或参加系列会议
industry,工业，产业（经济词汇），工业界，勤劳
represent,象征/代表/代理，扮演，作为示范
bottom,底部/末端/臀部，尽头，到达底部，建立基础
alone,单独的/独自的，独一无二的，孤独地，只/只有
whale,鲸，巨大的事物
x-ray,X光照片
cow,奶牛/乳牛，母兽/雌（象，鲸等），对女性的蔑称
ask,询问，需要/要求，请求/邀请
sudden,突然的，未预见到的，急躁/仓促的，快的/迅速的，急剧
since,自从，从…以来
belong,属于，是…的成员，应被放在，适应
shark,鲨鱼，坑蒙拐骗的人/诈骗者
everyday,每天/日常的，平常的/普通的
polite,礼貌的/有教养的，文雅/上流社会的，应酬/客套的
impolite,不礼貌的，失礼的，粗鲁的;不客气;悖礼;非礼
solution,溶液，解决/溶解/答案，处理问题
above,超过/高于，在…之上，上述的
every,每个，所有可能的，充足的
face,脸/面容，方面/表面，面对，面向…，正视/承认
soup,汤/羹/浓雾/困境
double,双的/两倍的，两面派的，双人用的，使加倍，重复
east,东部，向东方，来自东方的
west,西方的
proud,自豪的/得意的/光荣的，高尚的，傲慢的，有自尊心的
shy,害羞/怕羞的，害怕（做），<美>缺乏的
schoolwork,功课;家庭作业
ever,永远;曾经，这以前;究竟，到底;可能
small,小的，难为情的，低级/卑劣的，细微/微弱的
west,西，西部，西方 向西，朝西;自西方;向西方
labor,努力争取，苦干/劳工/努力，工作
space,空间/太空，空白/间隔，空隙，片刻
key,钥匙;（打字机等的）键;关键，线索;（音乐的）调，主要的
old,古老的，以前的，（用于指称被替代的东西）原来的
game,游戏，运动竞赛，诡计，打赌
large,大大地/夸大地，详细地，顺风地，大规模的，大型号的，广泛的
smell,嗅/闻，闻出/发觉/查出，发出…的气味
sunday,星期日
one,一个;（数字）一;（基数）一，第一
enjoy,喜欢，欣赏，享有/享受，使过得快活
ours,我们的
ugly,丑陋/难看的，有敌意/不祥的
sheep,羊，绵羊，胆小鬼，易受人摆布的人
people,人民，人/人类，居民/种族/居住于，使住满人
upstairs,在楼上，在高空
bird,鸟/禽，<俚>少女，姑娘
trouble,麻烦/故障，烦恼，动乱，折磨
fight,战斗/斗争，打架，吵架
duck,鸭肉，鸭子/野鸭，回避，潜入，迅速行进
fast,快的，走得快，感光快的，紧的
theirs,他们的，他的或她的
pronounce,发音，读 宣布，宣称;演讲，讲述
oneself,自身，亲自，亲手
slice,切成片，划分，薄片，一部分
foot,脚/脚步，底部/英尺
amount,数量，总额，全部效果，接近，合计，总共
slipper,拖鞋，（室内）便鞋;
turkey,火鸡，蠢货，失败之作
international,国际的，多国之间的，超越国界的，国际组织
open,开着的，公开的/公共的，坦率，打开，开始，启动
second,第二，次要的，居第2位的，另外的，秒
brithday,生日
million,百万，无数的
everybody,各位;每人，人人，大伙儿
station,车站，所，局，电视台，配置，安置/驻扎
nice,美好的，愉快，正派的，友好的，亲切的
tree,树，树状图，宗谱，使处于困境
breath,呼吸，呼吸力，微量
capital,首都，资源，大写字母，资本的，极好的
make,做，制造，生产，制定，使成为，使产生
twelve,12，12个，十二点/岁
september,九月
verb,动词;动词结构
elephant,象，大象
sail,航行，起航，驾驶帆船，航行距离
or,还是;或，或者;不然，否则;左右
specially,特别地，特意地，格外地
block,块，街区，大厦，障碍物，阻碍/阻止/阻塞/限制
let,允许，任由，让，随，假设，出租
pound,磅/英镑，兽栏，重击声/连续重击，咚咚地走
maybe,也许，可能，大概
lose,失去，错过，遗失，耽搁
cup,杯子，一杯（的量）;（胸罩的）罩杯
on,（表示方向）向;（表示对象）对;（表示位置）在…上;（表示时间）在…之时
duty,责任，职责，义务，税收
waste,浪费/挥霍，废料/废品/废物，荒地，荒芜
guidebook,旅行指南
rich,富有的，肥沃的，丰富多彩的，油腻的
owner,物主，所有人
woman,女人，成年女子，女拥人或女下属
queue,行列，长队，使排队，列队等待，辫子
line,线条，排，行列，界线，形成一层
exercise,练习;运动，训练;运用;典礼
improve,提高，利用(机会)，改善，改良
absent,缺席/不在场的，缺少/缺乏的，不在意的，茫然的
own,自己的事物，自己人
spend,花费/消耗，度过，花时间，花销/开销
equipment,设备，装备，配件，(工作必需的)知识&素养
sense,感觉/意识/理念/领会/理解，理性，识别力
so,这样，很(表程度)，这么，如此/这样，大约，真的，整齐的
lost,失去的，迷路的，不知所措，遗失
string,串，绳子/带子/线丝，植物纤维，使排成行或列， [计算机]字符串
emotion,情绪，情感/感情，感动/激动
program,程序，节目，节目单，计划，安排
seven,7，7个，第7
down,向下，(坐、倒、躺)下，（表示范围或顺序的限度）下至
love,喜欢，爱，热爱，爱戴，赞美，称赞
library,图书馆，书屋/书斋，图书出租处
twice,两次，两倍，两遍
yesterday,昨天，往昔，<正式>过去
guy,家伙，伙计
star,明星，星，星级，星状物
danger,危险，危险物，威胁
succeed,成功，继承，继任，随…之后
blackboard,黑板
flee,逃走，逃掉，消失
avoid,避开，避免，预防，撤销，废止
subject,主题，话题，学科/科目
tape,卷尺，胶带，磁带
about,关于，大约，在…周围，在流行中的
restroom,<美>公用厕所，卫生间
ninth,第9，1/9
month,月，月份
remain,剩余物，残骸/遗体，残余/遗迹 保持，依然，留下/逗留，终属/归于
wound,伤口，创伤，伤害
advice,建议/忠告/劝告，(商业)通知，（政治，外交)报导/报告
rabbit,兔子，野兔，兔子皮毛
supper,晚饭，晚餐，夜点心，晚餐会
know,知道;了解;认识;确信
arm,臂，武器，[复数]战事，权力，准备（斗争）
quit,离开/抛弃，放弃，停止，中断，偿清
care,照顾，关心，担心，喜爱
ten,十，十个;第十
guest,客人，旅客，特邀嘉宾，[动]寄生虫
dog,狗，蹩脚货，丑女人，卑鄙小人
outstanding,杰出的，显著的，未完成的
silk,丝/丝制的/蚕丝，丝绸/丝织物，丝制的
band,聚集，联合(起来)，用带绑扎，划档次，把…联合
specific,具体 / 明确 / 特种的;[免疫学]特效的药，显著的性质
produce,生产 / 制作 /创作 /制造 / 引起 /[经济学]生利
champion,冠军 / 捍卫 /战士，优胜的 / 一流的
local,局部的;地方的;当地的，本地的;褊狭的
her,(she的宾格)她，(she的所有格)她的，她
probably,大概，或许，很可能
distance,远处;距离，路程;疏远;间隔，长久/疏远;与…保持距离
river,河，江;溪，巨流
servant,仆人/佣人;[美]奴仆，奴隶;公务/服务员，献身…的人
group,组，团体;群，批/群像;成群，集合
up,在上面/在高处，向上，由低到高，上升/竖立的，垂直的，举起的
member,成员，分子，身体部位(尤指胳膊或腿)，构件，部件
especially,尤其地，主要地，格外地，显著地，异常地
immediately,立即，马上，直接地，紧接地，一…就，即刻
material,素材/材料/原料，织物，适当人选，肉体的，决定性的，辩证/推论的
phrase,成语，乐句，说法，<语>短语，叙述，措词
speech,演讲 / 发言，谈话，说话能力或方式
five,第5，5个，5
cross,十字架，十字饰物，杂交品种，痛苦，交错，横渡/越境，使相交
latest,最新的事物or消息，最新or近的，最现代的
metal,金属，金属元素，成色
president,总统，总裁，校长，董事长
thank,谢谢，感谢，把…归于
because,因为
suit,一套外衣/西装，恳求（注：尤指服装、颜色等相配/合身）
bank,银行;（条形的）堆;（河的）岸，库存
dinner,晚餐，宴会，主餐
fly,飞/飞行，飘荡，飞机，驾驶飞机等
travel,旅行，移动，漫游，传送，前进/行进
wet,湿的/下雨的/懦弱的，湿地，液体，窝囊废，雨天
behind,(表位置)在…后面，支持，(表顺序)在后，(表比较)落后于
english,英语/英国的，英格兰的/英格兰人的
calm,镇定的，(海洋，天气等)安静/平静的，从容不迫的
young,年幼的;青年的;有朝气的;年轻人的
cream,乳霜，精英，奶油色，乳脂，奶油
scene,场面，现场，景色，风景，事件
thrill,使激动/陶醉，使颤动/战栗，  [病]震颤，兴奋感
july,七月
jungle,热带丛林，丛林音乐，乱七八糟的一堆事物，尔虞我诈的环境
dismiss,把…免职，遣散/解散（队伍等）;驳回，拒绝受理，搁置
hen,母鸡，雌禽
couple,对/双，配偶/夫妻，连接，性交
cock,公鸡，龙头，成熟雄鸟，首领，领导，翘起，大摇大摆
chick,小鸡，少妇，小鸟
symbol,符号，象征，标志，记号
fifteenth,第十五，1/15
receive,收到，接待，接纳
plate,盘子/盆子，金属板，[摄]底片，感光版
walk,步行，散步，遛，赶着…走
zero,数字0，全无的/没有的，聚焦/集中
friendship,友情/友谊，友善的关系，好意
ear,耳朵，听觉，听力，耳状物
plain,平原 / 朴实无华 / 清晰的 / 明白地
machine,机器，机械，核心，用机器制造or加工
wait,等待，等候，(尤指长期地)希望，盼望
laugh,发笑/嘲笑，（因成功而)处于有利地位，引人发笑的事或人
math,数学（等于mathematics）
Friday,星期五，周五，礼拜五;
eat,吃/喝，吃完
unpleasant,讨厌的，使人不愉快的，不合意的
natural,自然的，天生的，物质的，不做作的
asleep,睡着的，熟睡地，处于麻木不仁的状态，长眠
private,私有的，私人的，秘密的，内心的，生殖器
translate,翻译，转化，解释，被翻译
knife,匕首，手术刀，伤害，劈开，划过
indoors,在屋里，在室内
milk,母乳，乳液 ，挤奶，榨取
feel,感觉，认为，触摸，试探，以为
type,类型，于…类型的
rush,匆促，急流， 冲进，匆忙，冲/闯
teen,青少年(等于teenager)，伤害，痛苦，悲伤;愤怒
idol,偶像，崇拜物，幽灵，谬论，幻觉
dessert,餐后甜食
drop,落下;投下;（使）降低;减少 放弃;停止;（故意）
three,三;三个;第三（章，页等）
post,岗位，邮政/邮件，柱， 张贴，宣布，设岗
eighth,1/8;第八，八号
such,这样的，如此的，这么大
egg,卵，鸡蛋，蛋，怂恿;
cut,切开或分割，削减，删剪
also,也，同样，并且
method,方法，条理
either,两者任何一个，两者中任一的，非此即彼，两者择一
smile,微笑，笑容  以微笑表示
smooth,光滑的，流畅的，柔软的，温和/安详/优雅
army,军队;陆军/野战军
armed,已武装的 / 有防卫器官的 （“arm”的过去式和过去分词）
retain,保持 /留在心中 /记住 /雇用 /付定金保留
arm,臂;武器;[复数]战事;权力 准备（斗争），准备行动（against）
matter,事件 /  物质 / 原因
a couple of,几个，一对
saw,SEE看到的过去式
dargen,花园
fetch,接来（某人）;吸引 /取来 / 抵达 /到达
fantastic,极好的，级出色的，不实际的，奇异/古怪的
layer,层，层次;膜 /把…分层堆放
transport,运送/运输/流放
translate,翻译;转化;解释;
brief,简洁的，简明的
trunk,树干;躯干;象鼻
access,入口，出口;接近/增长/接近，进入;使用
association,"协会, 公会, 社团; 结合, 联合; 联盟; 交往"
privilege,特权 /权益 / 免责特权;特殊荣幸
January,一月
February,二月
March,三月
April,四月
May,五月
June,六月
July,七月
August,八月
September,九月
October,十月
November,十一月
December,十二月
Aggregation,聚集;集结;集成;聚集体
summary,"摘要, 概要"
redistribution,重新分配; 再分配
staff,在…工作，任职于 /参谋的
dull,呆滞/迟钝的，阴暗的 /单调
metal,金属;金属元素;成色;金色
perhaps,或许;（表示不确定）也许; 假定
huge,巨大的;庞大的;极大的
degree,程度/学位 ;[数]度，度数
body,身体;尸体;团体;物体
pretend,假装，佯装
lie,谎言，谎话，处于，位于
tag,标签，附加
homeless,无家可归的
shoulder,负担，承担
hit,打，击中，碰撞
hand,手，交，给，帮助，指针
rat,鼠rat  老鼠mouse
particular,特别的;详细的;独有的，细情
organize,组织;安排;规划;建立组织
stay,停留;停止;坚持;抑制 / 继续处于某种状态
brother,兄弟;同事，同胞;同志
law,法;规律;法学;法制 /控告;对…起诉
son,儿子;孩子;男性后裔;圣子
comfortable,舒适的;安逸的，处于轻松的;充裕的
hardly,几乎不，简直不，刚刚/仅仅
store,店铺，仓库，储藏，储备
raincoat,雨衣
yin,阴阳的阴
noise,声响，噪音
fire,火灾;火，燃烧物;射击 / 热情
drive,驱动  / 驾驶 /迫使
stamp,邮票，标志，脚踏，盖印章，重步走
edge,边缘，刀口，优越
medal,奖牌，奖章
neighbor,邻居，邻国，邻近的，邻接的
remember,记得;牢记
smart,聪明&漂亮的，精明的，剧痛
leg,腿;支柱，支架;裤腿
relation,关系，关联，亲戚，亲属
singer,歌手
hello,打招呼;哈喽，喂;你好，您好;表示问候
nine,九;九个;第九
swing,秋千，摇摆，摆动，振幅
creature,人or动物，创造物 ，(他人的)工具
worry,担心;烦恼，忧虑;撕咬
southeast,东南地区;东南，东南方，（美国）东南部
custom,习惯 / 惯例 / 风俗 / 海关 / 关税
bear,熊，忍受，负担
joy,喜悦，快乐，高兴，高兴的事或人，成功，好运
ton,吨;大量，许多
wealth,财产，财富，富豪阶级，丰富，繁荣
direct,直接的;直的;直系的;率直的
class,班;阶级;等级;种类 属于…类
agree,同意，赞同
tiger,老虎;各种猫科动物;凶恶的人，虎狼之徒
life,生活，生计;生命，性命;一生
dream,梦想;做梦;梦见;想到
amazing,令人惊异的 / 惊奇的
set,一套/副/批 调整/设置/安置/落下/凝结
helpful,给予帮助的，有益的;愿意帮忙的
extra,额外的，补充的，附加的;特大的，特别的
general,普遍的;大致的;综合的;总的，全体的
root,根，根源;原因，本质;祖先
little,小的;琐碎的;娇小的;幼小的 一点;短时间地
problem,问题;疑难问题;习题;引起麻烦的人
thirteen,十三;十三岁;十三个
parrot,鹦鹉，应声虫
throat,嗓子，喉咙
drum,鼓/鼓状物，有节奏的敲击
pity,同情，怜悯，可怜，遗憾
cool,凉爽的;冷静的;一流的;孤傲冷漠的
hospital,医院;收容所;养老院;〈古〉旅客招待所
person,人;（语法）人称;身体;容貌
aloud,大声;高声
sleep,睡，睡觉  为…提供床位;提供住宿
dollar,美元;一元纸[硬]币;金钱;财富
pierce,刺破;刺穿，戳穿;洞察;深深打动
support,支持;支撑;帮助;维持
wife,妻子，太太;夫人，老婆;已婚妇女
four,四;四个;第四
pretty, 相当，颇 漂亮/ 机灵 /聪明的
sick,恶心的;晕船;不舒服的;腻烦的
fail,失败，不及格;倒闭 失误；衰退
lamp,灯;发热灯，照射灯
western,西方的;欧美的
offend,冒犯 / 伤害，违反，不舒服
silver,银，镀银，银器，银币
wood,树木，木材，树林，林地
cost,开销，代价;花费，费用;牺牲
argue,辩论; 主张; 议论; 说服; 争论
influence,影响;势力;有影响的人（或事物）
overseas,在[向]海外，在[向]国外
internet,互联网
chocolate,巧克力;巧克力色;巧克力糖
market,市场，股市，销售，出售
kitchen,厨房，餐具
state,国家/州  情况 /资格/状况
task,作业;工作，任务;苦差事
cook,烹调;编造;篡改;密谋
while,而;虽然;在…期间;与…同时
eight,八;八个;第八
bring,导致;带来，引来;促使
mystery,秘密，谜;神秘，神秘的事物
nurse,护士，看护，保姆
stop,停止;中断;逗留;（使）停止工作
father,父亲;天父;祖先;（尤指天主教和东正教的）神父
very,很，非常;恰好是，正是;十足的;特有的
buy,购买，购得 / 交易
exchange,交换;交易所;交易;兑换（率）
something,某物/事/人 非常;有点;大约
already,早已，已经;先前
potato,马铃薯， 土豆，洋芋;土豆块茎
candy,糖果;冰糖;
beard,胡须
price,代价;价格，价钱;价值;赏金
arrive,到达，来;发生
war,战争;战争期间;
laboratory,实验室;实验课;研究室
boring,无聊的，无趣的;令人厌烦的;
discount,打折扣，减价出售;减息贷款，减量
culture,"?文化, 耕种, 修养"
imagine,想像，设想;料想，猜想
umbrella,雨伞;〈比喻〉保护物;
balloon,气球;热气球;
traffic,交通，运输量;（非法的）交易;通信量
communicate,传达，表达，清晰地揭示 / 通讯
house,房屋;全家人
chess,棋，国际象棋
salt,盐;风趣;机智，讽刺;药用盐，泻盐
head,头部;头脑;上端;首脑，首长
less,较小的;较少的（little的比较级）
award,给予，授予，奖品，报酬
cage,笼子;牢房; 把…关入牢中;把…关进笼内
themselves,他[她，它]们自己;他们亲自
fall,跌倒;落下;减少;沦陷
cancel,取消，注销;抵消，偿还
forward,面向，朝向，位于前面，前面的
oil,油;石油;燃油;油画
pioneer,先驱者，开创者，领导
unfamiliar,陌生的;不熟悉的;不常见的
village,村民;乡村，村庄;群落
sofa,沙发
speed,速度;快速;昌盛  加快…的速度;使成功，使繁荣
knock,短促的敲打（声）;爆震声;敲击声
score,得分;分数;总谱; 评分;得分;
examine,检查，调查;考试;诊察;审问
shell,外壳;炮弹;（贝、卵、坚果等的）壳;（人的）表面性格
necessary,必要的;强制的;必然的;必须的
shirt,衬衫，衬衣;内衣，汗衫
eraser,橡皮擦，板擦
pond,池塘
check,检查，核对;制止，抑制;在…上打勾
vegetable,蔬菜;植物人
article,物品;（报章杂志中的）文章，论文;条款
bamboo,竹子;竹竿;竹木家具
hot,热的;热门的;辣的;激动的
may,可以;会;也许;但愿
change,改变，变更;交换，替换;兑换;换衣服（床单）
thousand,一千;数千;许许多多;千位数
except,把…除外;不计
music,音乐;乐曲;乐谱;乐队
anywhere,任何地方;什么地方;无论何处
ham,火腿;（旧时的）小镇，村庄;大腿后部
unable,不能的，不会的;无能力的，不熟练的;不能胜任的
forest,森林;丛林;（森林似的）一丛;一片
embarrassed,尴尬的;为难的;窘迫的
morning,早晨;上午;黎明;早期，初期
beautiful,美丽的，美好的;极好的
position,位置，方位;地位，职位;态度;状态
etiquette,礼仪，礼节;规矩;礼数
into,进入…中  / 输入
bother,烦恼;烦扰，打扰;使…不安，使…恼怒;使迷惑
red,红色的;（脸）涨红的;烧红的;红头发的
leave,离开;遗弃;忘了带;交托
authority,管理，管辖，权威，专家，官方
form,种类，形式，构成，外貌
scarf,围巾
favorite,特别喜欢的人或事物
always,常常;总是，老是;永远，始终;不断地
today,现在;现今;（在）今天;现代，当代
family,家庭;家族;孩子;祖先
lunch,午餐
gentleman,绅士，有教养的，先生，男士
himself,（反身代词）他自己;（用以加强语气）他亲自，他本人
who,谁;什么人;关系代词，有先行词;孰
sand,沙滩，沙子，砂纸
accessory,附件，零件，配件，装饰品
fit,安装;合身;（使）适合
character,性格，特性，任务，角色，（汉）字
study,学习，研究;课题;书房;结论
disabled,残废的，有缺陷的
turn,使转动;旋转;使改变方向;使不适
expect,期望;预料;要求;认为（某事）会发生
pair,一对，一双，一副，成对
keen,热心，热烈，敏锐的
video,磁带录像;录像磁带;录像机，电视;（指方法）录像
semester,（尤指美国的大专院校的）学期;半学年
just,正好;刚才;仅仅，只是;刚要
theme,乐]主题;主旋律;题目，话题;（学生的）作文
tomorrow,在明天，在明日
boil,煮沸，沸腾;疔，疖子;[医]疡肿，脓肿
noodle,面条;傻子， 笨蛋
beat,敲击，敲打，打败，胜过，节奏，节拍
pot,罐;一罐;（某种用途的）容器;陶盆
lifestyle,生活方式
pop,（意外/突然地）出现; 发出爆裂声;（突然地）行动
leaf,叶子;页;叶状的结构
right,立刻，马上;向右，右边;恰当地;一直/权利/纠正
excellent,优秀的;卓越的;杰出的
heat,热，热度，高温;热烈，激烈
society,社会，阶层，社团，协会
polite,有礼貌的;有教养的，文雅的;上流社会的
shop,商店;购物;工厂;办事处
chip,碎片;缺口;（作赌注用的）筹码
letter,信;证书，许可证;字母，文字
london,伦敦
start,开始;动身;开动;起点
resolution,正式决定，决心，解决，清晰
predict,预言，预测;预示，预告
date,约会;日期，日子;时代，年代
although,虽然;尽管;但是;然而
unusual,与众不同的;不常见的，不普通的，难得的
answer,答复; 解答; 答辩;适应
TRUE,真正的;真实的;正确的;忠实的
porridge,粥，麦片粥
style,方式;样式;时髦;仪表，品位
flat,平的，平坦，统一，单调，断然的
ruler,统治者;尺;直尺
whenever,究竟什么时候;不论何时/每当
yang,<汉>阳
cousin,堂兄弟，表姐妹
dumpling,汤团，饺子;水果布丁
attendant,服务人员，侍者;随从，随员;伴随物
sock,重击，痛打，短袜
tired,疲倦的;困倦的
manage,经营;使用 /办理，设法对付
traditional,传统的;口传的;惯例的;因袭的
then,然后;那么;那时;话说回来
shelf,架子，搁板;棚;
homework,功课;家庭作业
bread,面包/谋生之道
sale,出售
bus,公共汽车，巴士，客机
museum,博物馆
active,积极的，活跃的，有生气的;迅速的
cinema,电影院，电影艺术
violin,小提琴;小提琴手
risk,危险，风险，冒险
phone,电话;听筒
opposite,对面，对立面，反面的，在….对面
teacher,教师，教员，老师，先生
piece,片，块，段，碎块
wallet,钱包，皮夹子
chair,椅子;主持;使…入座;使就任要职
monkey,猴;猿;淘气鬼;小淘气
primary,最早的，最主要的，根本的
europe,欧洲;欧盟
tool,器具，工具;
end,端;<正>结果;终止;最后部分
address,地址;称呼;演说
shall,将要，将会，应该，必须
path,小路，路;路线，路程;
blue,蓝色;把…染成蓝色;使成蓝色
ticket,票，入场券，候选名单
throw,丢;抛;投掷
present,现在，目前，出席，到场，提出，赠送
underground,地下的;秘密的;先锋派的;隐蔽的
nose,鼻子;嗅觉;芳香，香气
european,欧盟的;欧洲的，欧洲人的
club,俱乐部，社团
national,国家的;国民的;国有的;民族主义的
simple,简单的;单纯的;易受骗的;天真的
information,消息;信息，数据;通知;知识
rose,玫瑰
floor,楼层;地面，地板
ago,以前;之前;过去的
eleven,11
sunny,和煦的：照到阳光的;快活的
camp,营地，露营，扎营
public,公开的;公众的，公共的
hundred,一百;许多;100 到 999 间的数目
away,消失;离开，远离;在远处
biology,生物学
airport,机场;航空站
notice,注意;预告;布告;警告
dance,跳舞;舞会;舞曲
similar,相似，类似的
cruel,残酷的，残忍的;使人痛苦的，让人受难的
modest,谦虚，谨慎，适度的
autograph,亲笔签名
press,压，按;逼迫;紧抱
ill,不好的;恶意的;有病的;不吉利的
excite,激发;刺激;使兴奋
hate,厌恶;仇恨，憎恨
chairman,（主持会议的）主席;委员长;（委员会的）委员长
international ?,国际的，全世界的，国际性的
national,国家的，全国的，民族的，国有的
bee,蜜蜂;（集工作、竞赛、娱乐为一体的）聚会
wide,宽阔，广泛的，远离，偏离的/全部，充分的
able,n能够
period,（一段）时间，时期，时代，句号，句点
through,穿过，通过，在整个期间，始终，彻底的
north,北方
pride,自豪，得意，傲慢的
center/centre,中心，圆心，正中，集中于
rock,岩石，石块，摇动
meet,遇到
pork,猪肉
bed,床
relax,放松/缓和
fourth,第四，四分之一
panda,熊猫
me,我
mend,修理 / 修补 / 改良 / 痊愈
casually,偶然 / 随便 / 临时的
pour,灌 / 倒 / 倾泻 / 流出
frustrate,使沮丧，灰心 / 失败
must,必须
goat,山羊
handbag,手提包（女用）
professional,职业的，专业的
attempt,尝试，试图，努力
boy,男孩
flu,流行性感冒
play,玩，游戏，演奏，播放
mail,邮件
against,逆/反对 / 违反 / 对…不利… / 和…比 /和…对照
jump,跳
upset,苦恼，心烦，不适的
copy,复制，抄写，副本
scary,恐怖的，吓人的
escape,逃脱，逃走，避免，躲避
tragedy,惨事，灾难，悲剧
clever,聪明，机灵，灵巧的
coin,硬币
find,找到，发现，发觉
borrow,借
toilet,厕所
same,一样
alive,活着的，在世的，存在的
disturb,弄乱，打乱，打扰
blow,吹 / 吹气 / 吹奏
name,名字
whose,谁的，那个的
sausage,香肠
future,未来的，将来的
could,可以，能
gold,金，金的，金黄色的
climb,攀登
catch,抓住，接住，感染，吸引，领会
chiken,小鸡，鸡肉
service,公共设施，公共事业，服务，保养
slow,慢的，迟钝的，不灵巧的
bottle,瓶子
fifty,50
honest,诚实的，正直的
border,边，边缘，边境，近似，邻接
adverb,副词
dislike,不喜欢的
watch,观看，监视，照看，小心
she,她
con,反对票，反对论
table,表格，桌子，台子
forget,忘记，遗忘
cute,可爱，漂亮，聪明的
china,中国
voice,声音，嗓音，发言权
educate,教育，培养，训练
song,歌，歌曲
lamb,羊羔，羔羊
prove,证明，证实，结果是，原来是
for,为了，来自，由于
story,故事，传说，小说，情况
lady,女士
june,june 6月   july 7月
some,一些，若干，大约
main,主要的
solve,解决，处理
language,语言
frog,蛙
talent,天资，才能（人才）
pencil,铅笔
great,大的，极大的，重要的，显著的
yeah,是
hotel,宾馆
normal,正常
door,门
cent,分（硬币）
tea,茶
brown,棕色的，褐色的
south,南，南方的，南部的
color,颜色
drug,药物 / 麻醉药 /毒品
rent,租，租用，出租，租借
northern,北方的，北部的
everything,每件事，一切
funny,有趣的
question,问题，疑问，审问，审讯
come,来，达到，来自，实现，发生
route,路线，路程
temperature,温度，体温，发烧，热度
day,天，白昼，一天，时代，节日
skill,技能，技巧，手艺
disappointing,令人失望 / 扫兴的
planet,行星
candle,蜡烛
bag,袋，（女）手提包，旅行袋
explain,讲解，说明
grow,生长，发育，成为，增长，发展，种植
if,如果
famous,著名的，出名的
sixth,第6，1/6
summer,夏/夏季
yes,是，是的
frustrate,使沮丧 / 灰心 / 失败
east,东
south,南
west,西
north,北
upper / up,上
lower / down ,下
Left,左
right,右
attempt,尝试，试图（努力）
possible,可能的;可接受的;合理的
few,很少;很少的;几乎没有
itself,它自己，它本身;自身，本身
turtle,海龟
fun,乐趣;娱乐活动;嬉戏，嬉闹;有趣的事
quiet,轻声的，安静的，安宁，温和的
short,短的，矮的，简短不足的
humorous,幽默，诙谐的
year,年;年纪;一年的期间;某年级的学生
truth,事实，真相，真理
prefer,宁愿，更喜欢
shoe,鞋;蹄铁
trash,垃圾，废物，残渣，拙劣的人，捣毁/破坏
lighting,照明设备，照明 / 光线
relative,亲戚 ，亲属，相对的，比较的，相关的
shower,阵雨，暴雨，沐浴，洒落
yourself,你自己
cold,冷的
from,来自，从，根据
magazine,杂志，期刊
stone,石头
window,窗户
tail,尾巴，尾部，踪迹，后部，尾随
develop,"发展;形成;生长;发达,开发"
angry,生气的;愤怒的，发怒的;
please,请 / 讨好，使高兴
outdoor,室外;户外的，露天的;喜欢户外活动的
close,亲密的;紧密的;亲近的 / 关;结束;使靠近
plant,植物，种植，工厂，栽种，安放，安置
page,页;（计算机的）页面;标记，翻书页
freeze,凝结，凝固，冻结
afarid,害怕，恐惧，犯愁的
asia,亚洲
either,（两者之中）任何一个 / 非己彼此的
out,出局;在外，在外部;完全，彻底;出版
meter,米，公尺
box,盒;箱状物;包厢;哨房 / 把…装入盒[箱，匣]中 
fill,填满，充满，吃饱的量
place,地方，场所，寓所，等级，放置，安置，安排
concentrate,全神贯注，全力以赴，集中，聚集
gum,牙龈，口香糖，树胶
department,部，局，处，科，系
fridge,电冰箱
chat,闲谈，聊天
rubbish,垃圾，废物，废话
plane,飞机，平面，水平面
point,要点，指向，观点，点，小数点，地点，尖，尖端
postcard,明信片
Wednesday,星期三
truck,卡车
joke,笑话，玩笑
spoon,勺子，汤勺
manner,方式，方法，态度，风度
graduate,毕业，获得学位，研究生
pleasure,高兴的，愉快的，乐事，荣幸
success,成功，成就;好成绩，好结果;成功的人
field,田野，领域，场地，学科
clothing,服装，衣着
fifth,第五，1/5
popcorn,爆米花;保护物品的小片
impress,印象深刻，铭记（impress sb with sth)
back,背，背部;背面，反面;后面，后部，回退，后退，倒退
strong,强壮的，强有力的，强大的，牢固的，强烈的，擅长的
college,大学，学院
white,白色的，纯洁的;无色的，透明的
knee,膝;膝盖
part,部分;零件;参加;地区，分开
chop,排骨，砍伐，劈
nobody,没有人，无人
kiss,接吻;轻拂;轻微碰撞
upon,在…之上
week,一星期，周;工作周
america,美洲;美国
license,许可证，执照;特许
habitat,（动植物的）栖息地
fool,蠢人，笨蛋，欺骗，愚弄，愚蠢的
reason,原因;理由;理性;理智
picture,图片，照片，描绘，设想，电影，印象
than,与…比较
ok,不错，很好，对吧
yourself,你自己
alien,外国（人)的，外星的，陌生的，格格不入的
give,给予，供给，赠送，发出
cloud,云，阴影，天空，一团，笼罩，模糊
send,送;派遣；派人；使进入某状态
instruction,命令，指示，教学，指导
dress,给…穿衣，服装，连衣裙
separate,分离的，分开的，不同的，划分，区分
now,现在，如今，此刻
airline,航线，航空公司
mine,我的（所有物），矿/矿山，地雷，开矿
world,世界，地球，天下，领域
ring,戒指，环，圆圈，铃声，打电话给…，包围
learn,学习
charity,慈善，施舍，慈善机构
purple,紫色（的）
school,学校，系，学业，学派
hey,嘿！（引起注意）
daily,每日，日常的，天天
suitcase,手提箱，衣箱
worldwide,全世界的，世界各地
celebrate,庆祝，欢庆，赞扬，歌颂
text,原文，正文，课文，课本
proper,正确的，适当的，正当，固有的
health,健康，卫生，保健
movie,电影，影片，电影院
spider,蜘蛛
goodbye,再见
wheel,轮，车轮，转动，旋转
sour,馊，酸臭的，尖酸刻薄的
mall,购物中心，商业区
fix,修理，固定，安装，确定，整理
poem,诗
sentence,句子，判决，宣判
percent,百分比，百分之X
Europe,欧洲
Africa,非洲
North America,北美洲
